Can you describe a time when your attention to detail helped you identify and correct a mistake before it became a significant issue?,"How do you ensure accuracy and precision in your work, especially when dealing with complex tasks or large amounts of data?",Can you give an example of a project where paying attention to small details made a significant difference in the outcome?,Describe your process for double-checking your work to ensure there are no errors or oversights?,How do you handle situations where you notice inconsistencies or discrepancies in information or data?,Tell me about a time when your attention to detail helped you catch a potential problem that others had overlooked.,Can you tell me about a situation where you analyzed a complex problem and arrived at an innovative solution? How did you do that?,How do you assess the credibility of the information you rely on when making decisions?,How do you deal with conflicting or incomplete information when trying to solve a problem?,What steps do you take to evaluate the quality of your work or project results?,Combined Answer,flag,username,timestamp
 meticulously proofread a report before submission and caught a numerical error that would have skewed the entire analysis., I don't take detailed notes; I rely on memory during meetings.,"While leading a remote team, I analyzed virtual collaboration tools, communication strategies, and performance metrics to enhance team productivity. By implementing remote work policies, team collaboration platforms, and virtual team-building activities, we improved remote team effectiveness, engagement, and cohesion.",I don't believe in critically evaluating processes for improvement; I trust they're optimized.," Stakeholder Discontent: Noticed discontent among stakeholders. Increased communication and transparency to rebuild trust.
","Not assessing the effectiveness of the solution post-implementation.
","Competitive Pressure: Identified increasing competitive pressure. Conducted a competitive analysis and adjusted the value proposition.
",Job applications should be comprehensive but concise.,"Identify Gaps and Uncertainties:

I carefully examine the available information to identify any gaps or uncertainties. Understanding what is missing or conflicting is crucial for devising a plan of action.
Seek Additional Information:

I actively seek out additional sources of information to fill in the gaps or clarify conflicting details. This may involve consulting other team members, conducting research, or reaching out to subject matter experts.
Evaluate the Reliability of Sources:

I assess the reliability and credibility of the sources providing the conflicting information. Some sources may be more trustworthy or knowledgeable than others, which can help me prioritize which information to consider.
Consider Multiple Perspectives:

I consider multiple perspectives and interpretations of the available information. Conflicting viewpoints may offer valuable insights or reveal underlying complexities that need to be addressed.
Apply Critical Thinking:

I apply critical thinking skills to analyze the information objectively. This involves questioning assumptions, examining biases, and evaluating the logical consistency of different pieces of information.
Develop Contingency Plans:

I develop contingency plans to account for uncertainties or conflicting scenarios. Having backup strategies in place allows me to adapt and respond effectively as new information becomes available.
Communicate Transparently:

I communicate transparently with stakeholders about the challenges posed by conflicting or incomplete information. Being open about the limitations of the available data helps manage expectations and fosters trust.
Iterative Problem-Solving:

I embrace an iterative approach to problem-solving, where I continuously reassess and refine my strategies based on new information. Flexibility and adaptability are key in navigating complex and uncertain situations.",HELLO,,,,2024-06-09 12:52:42.778609
ql/fblef'kleevwvedwewv,LEVBUlWEVBlew,edVBPI,lIOPWEvi,IPWElo,ewvu'oed,svdb'l/ksdv,ds;viou,da'vu,adv'ob,"*Attention to detail 0.0% and *Neglect of detail 0.0% and *Logical thinking 0.0% and *Illogical thinking 0.0% and *Adaptability 0.0% and *Inflexibility 0.0% and *Problem-solving 0.0% and *Problem-avoidance 0.0%

Overall time taken to complete all questions: 0.02 seconds
Question 1: 0.00 seconds
Question 2: 0.00 seconds
Question 3: 0.00 seconds
Question 4: 0.00 seconds
Question 5: 0.00 seconds
Question 6: 0.01 seconds
Question 7: 0.01 seconds
Question 8: 0.02 seconds
Question 9: 0.02 seconds
Question 10: 0.02 seconds

Detailed Report:
Attention to detail: 0.0%
Neglect of detail: 0.0%
Logical thinking: 0.0%
Illogical thinking: 0.0%nAdaptability: 0.0%
Inflexibility: 0.0%
Problem-solving: 0.0%
Problem-avoidance: 0.0%

Based on the analysis, you are suitable for the following jobs:
Quality Manager (مدير الجودة): Suitable due to high attention to detail, adaptability, and problem-solving skills. [Job Description](link_to_job_description)
Data Entry Specialist (أخصائي إدخال بيانات): Suitable due to meticulous attention to detail and accuracy. [Job Description](link_to_job_description)",,,2024-06-10 15:02:04.600375
ql/fblef'kleevwvedwewv,LEVBUlWEVBlew,edVBPI,lIOPWEvi,IPWElo,ewvu'oed,svdb'l/ksdv,ds;viou,da'vu,adv'ob,"*Attention to detail 0.0% and *Neglect of detail 0.0% and *Logical thinking 0.0% and *Illogical thinking 0.0% and *Adaptability 0.0% and *Inflexibility 0.0% and *Problem-solving 0.0% and *Problem-avoidance 0.0%

Overall time taken to complete all questions: 0.02 seconds
Question 1: 0.00 seconds
Question 2: 0.00 seconds
Question 3: 0.00 seconds
Question 4: 0.00 seconds
Question 5: 0.00 seconds
Question 6: 0.01 seconds
Question 7: 0.01 seconds
Question 8: 0.02 seconds
Question 9: 0.02 seconds
Question 10: 0.02 seconds

Detailed Report:
Attention to detail: 0.0%
Neglect of detail: 0.0%
Logical thinking: 0.0%
Illogical thinking: 0.0%nAdaptability: 0.0%
Inflexibility: 0.0%
Problem-solving: 0.0%
Problem-avoidance: 0.0%

Based on the analysis, you are suitable for the following jobs:
Quality Manager (مدير الجودة): Suitable due to high attention to detail, adaptability, and problem-solving skills. [Job Description](link_to_job_description)
Data Entry Specialist (أخصائي إدخال بيانات): Suitable due to meticulous attention to detail and accuracy. [Job Description](link_to_job_description)",,,2024-06-10 15:02:06.269772
ql/fblef'kleevwvedwewv,LEVBUlWEVBlew,edVBPI,lIOPWEvi,IPWElo,ewvu'oed,svdb'l/ksdv,ds;viou,da'vu,adv'ob,"*Attention to detail 0.0% and *Neglect of detail 0.0% and *Logical thinking 0.0% and *Illogical thinking 0.0% and *Adaptability 0.0% and *Inflexibility 0.0% and *Problem-solving 0.0% and *Problem-avoidance 0.0%

Overall time taken to complete all questions: 0.02 seconds
Question 1: 0.00 seconds
Question 2: 0.00 seconds
Question 3: 0.00 seconds
Question 4: 0.00 seconds
Question 5: 0.00 seconds
Question 6: 0.01 seconds
Question 7: 0.01 seconds
Question 8: 0.02 seconds
Question 9: 0.02 seconds
Question 10: 0.02 seconds

Detailed Report:
Attention to detail: 0.0%
Neglect of detail: 0.0%
Logical thinking: 0.0%
Illogical thinking: 0.0%nAdaptability: 0.0%
Inflexibility: 0.0%
Problem-solving: 0.0%
Problem-avoidance: 0.0%

Based on the analysis, you are suitable for the following jobs:
Quality Manager (مدير الجودة): Suitable due to high attention to detail, adaptability, and problem-solving skills. [Job Description](link_to_job_description)
Data Entry Specialist (أخصائي إدخال بيانات): Suitable due to meticulous attention to detail and accuracy. [Job Description](link_to_job_description)",,,2024-06-10 15:02:07.940363
ql/fblef'kleevwvedwewv,LEVBUlWEVBlew,edVBPI,lIOPWEvi,IPWElo,ewvu'oed,svdb'l/ksdv,ds;viou,da'vu,adv'ob,"*Attention to detail 0.0% and *Neglect of detail 0.0% and *Logical thinking 0.0% and *Illogical thinking 0.0% and *Adaptability 0.0% and *Inflexibility 0.0% and *Problem-solving 0.0% and *Problem-avoidance 0.0%

Overall time taken to complete all questions: 0.02 seconds
Question 1: 0.00 seconds
Question 2: 0.00 seconds
Question 3: 0.00 seconds
Question 4: 0.00 seconds
Question 5: 0.00 seconds
Question 6: 0.01 seconds
Question 7: 0.01 seconds
Question 8: 0.02 seconds
Question 9: 0.02 seconds
Question 10: 0.02 seconds

Detailed Report:
Attention to detail: 0.0%
Neglect of detail: 0.0%
Logical thinking: 0.0%
Illogical thinking: 0.0%nAdaptability: 0.0%
Inflexibility: 0.0%
Problem-solving: 0.0%
Problem-avoidance: 0.0%

Based on the analysis, you are suitable for the following jobs:
Quality Manager (مدير الجودة): Suitable due to high attention to detail, adaptability, and problem-solving skills. [Job Description](link_to_job_description)
Data Entry Specialist (أخصائي إدخال بيانات): Suitable due to meticulous attention to detail and accuracy. [Job Description](link_to_job_description)",,,2024-06-10 15:02:14.773466
ql/fblef'kleevwvedwewv,LEVBUlWEVBlew,edVBPI,lIOPWEvi,IPWElo,ewvu'oed,svdb'l/ksdv,ds;viou,da'vu,adv'ob,"*Attention to detail 0.0% and *Neglect of detail 0.0% and *Logical thinking 0.0% and *Illogical thinking 0.0% and *Adaptability 0.0% and *Inflexibility 0.0% and *Problem-solving 0.0% and *Problem-avoidance 0.0%

Overall time taken to complete all questions: 0.02 seconds
Question 1: 0.00 seconds
Question 2: 0.00 seconds
Question 3: 0.00 seconds
Question 4: 0.00 seconds
Question 5: 0.00 seconds
Question 6: 0.01 seconds
Question 7: 0.01 seconds
Question 8: 0.02 seconds
Question 9: 0.02 seconds
Question 10: 0.02 seconds

Detailed Report:
Attention to detail: 0.0%
Neglect of detail: 0.0%
Logical thinking: 0.0%
Illogical thinking: 0.0%nAdaptability: 0.0%
Inflexibility: 0.0%
Problem-solving: 0.0%
Problem-avoidance: 0.0%

Based on the analysis, you are suitable for the following jobs:
Quality Manager (مدير الجودة): Suitable due to high attention to detail, adaptability, and problem-solving skills. [Job Description](link_to_job_description)
Data Entry Specialist (أخصائي إدخال بيانات): Suitable due to meticulous attention to detail and accuracy. [Job Description](link_to_job_description)",,,2024-06-10 15:02:16.525117
ql/fblef'kleevwvedwewv,LEVBUlWEVBlew,edVBPI,lIOPWEvi,IPWElo,ewvu'oed,svdb'l/ksdv,ds;viou,da'vu,adv'ob,"*Attention to detail 0.0% and *Neglect of detail 0.0% and *Logical thinking 0.0% and *Illogical thinking 0.0% and *Adaptability 0.0% and *Inflexibility 0.0% and *Problem-solving 0.0% and *Problem-avoidance 0.0%

Overall time taken to complete all questions: 0.02 seconds
Question 1: 0.00 seconds
Question 2: 0.00 seconds
Question 3: 0.00 seconds
Question 4: 0.00 seconds
Question 5: 0.00 seconds
Question 6: 0.01 seconds
Question 7: 0.01 seconds
Question 8: 0.02 seconds
Question 9: 0.02 seconds
Question 10: 0.02 seconds

Detailed Report:
Attention to detail: 0.0%
Neglect of detail: 0.0%
Logical thinking: 0.0%
Illogical thinking: 0.0%nAdaptability: 0.0%
Inflexibility: 0.0%
Problem-solving: 0.0%
Problem-avoidance: 0.0%

Based on the analysis, you are suitable for the following jobs:
Quality Manager (مدير الجودة): Suitable due to high attention to detail, adaptability, and problem-solving skills. [Job Description](link_to_job_description)
Data Entry Specialist (أخصائي إدخال بيانات): Suitable due to meticulous attention to detail and accuracy. [Job Description](link_to_job_description)",,,2024-06-10 15:02:17.633893
ql/fblef'kleevwvedwewv,LEVBUlWEVBlew,edVBPI,lIOPWEvi,IPWElo,ewvu'oed,svdb'l/ksdv,ds;viou,da'vu,adv'ob,"*Attention to detail 0.0% and *Neglect of detail 0.0% and *Logical thinking 0.0% and *Illogical thinking 0.0% and *Adaptability 0.0% and *Inflexibility 0.0% and *Problem-solving 0.0% and *Problem-avoidance 0.0%

Overall time taken to complete all questions: 0.02 seconds
Question 1: 0.00 seconds
Question 2: 0.00 seconds
Question 3: 0.00 seconds
Question 4: 0.00 seconds
Question 5: 0.00 seconds
Question 6: 0.01 seconds
Question 7: 0.01 seconds
Question 8: 0.02 seconds
Question 9: 0.02 seconds
Question 10: 0.02 seconds

Detailed Report:
Attention to detail: 0.0%
Neglect of detail: 0.0%
Logical thinking: 0.0%
Illogical thinking: 0.0%nAdaptability: 0.0%
Inflexibility: 0.0%
Problem-solving: 0.0%
Problem-avoidance: 0.0%

Based on the analysis, you are suitable for the following jobs:
Quality Manager (مدير الجودة): Suitable due to high attention to detail, adaptability, and problem-solving skills. [Job Description](link_to_job_description)
Data Entry Specialist (أخصائي إدخال بيانات): Suitable due to meticulous attention to detail and accuracy. [Job Description](link_to_job_description)",,,2024-06-10 15:02:19.826510
meticulously proofread a report before submission and caught a numerical error that would have skewed the entire analysis.,I don't take detailed notes; I rely on memory during meetings.,"While leading a remote team, I analyzed virtual collaboration tools, communication strategies, and performance metrics to enhance team productivity. By implementing remote work policies, team collaboration platforms, and virtual team-building activities, we improved remote team effectiveness, engagement, and cohesion.",I don't believe in critically evaluating processes for improvement; I trust they're optimized.,Stakeholder Discontent: Noticed discontent among stakeholders. Increased communication and transparency to rebuild trust.,Not assessing the effectiveness of the solution post-implementation.,Competitive Pressure: Identified increasing competitive pressure. Conducted a competitive analysis and adjusted the value proposition.,Job applications should be comprehensive but concise.,"Identify Gaps and Uncertainties:

I carefully examine the available information to identify any gaps or uncertainties. Understanding what is missing or conflicting is crucial for devising a plan of action.
Seek Additional Information:

I actively seek out additional sources of information to fill in the gaps or clarify conflicting details. This may involve consulting other team members, conducting research, or reaching out to subject matter experts.
Evaluate the Reliability of Sources:

I assess the reliability and credibility of the sources providing the conflicting information. Some sources may be more trustworthy or knowledgeable than others, which can help me prioritize which information to consider.
Consider Multiple Perspectives:

I consider multiple perspectives and interpretations of the available information. Conflicting viewpoints may offer valuable insights or reveal underlying complexities that need to be addressed.
Apply Critical Thinking:

I apply critical thinking skills to analyze the information objectively. This involves questioning assumptions, examining biases, and evaluating the logical consistency of different pieces of information.
Develop Contingency Plans:

I develop contingency plans to account for uncertainties or conflicting scenarios. Having backup strategies in place allows me to adapt and respond effectively as new information becomes available.
Communicate Transparently:

I communicate transparently with stakeholders about the challenges posed by conflicting or incomplete information. Being open about the limitations of the available data helps manage expectations and fosters trust.
Iterative Problem-Solving:

I embrace an iterative approach to problem-solving, where I continuously reassess and refine my strategies based on new information. Flexibility and adaptability are key in navigating complex and uncertain situations.",HELLO,"*Attention to detail 10.0% and *Neglect of detail 10.0% and *Logical thinking 20.0% and *Illogical thinking 10.0% and *Adaptability 10.0% and *Inflexibility 0.0% and *Problem-solving 10.0% and *Problem-avoidance 0.0%

Overall time taken to complete all questions: 0.03 seconds
Question 1: 0.01 seconds
Question 2: 0.01 seconds
Question 3: 0.02 seconds
Question 4: 0.02 seconds
Question 5: 0.02 seconds
Question 6: 0.02 seconds
Question 7: 0.02 seconds
Question 8: 0.02 seconds
Question 9: 0.03 seconds
Question 10: 0.03 seconds

Detailed Report:
Attention to detail: 10.0%
Neglect of detail: 10.0%
Logical thinking: 20.0%
Illogical thinking: 10.0%
nAdaptability: 10.0%
Inflexibility: 0.0%
Problem-solving: 10.0%
Problem-avoidance: 0.0%

Based on the analysis, you are suitable for the following jobs:
Systems Analyst (محلل نظم): Suitable due to high logical thinking, problem-solving, and adaptability skills. [Job Description](link_to_job_description)
Scientific Researcher (باحث علمي): Suitable due to
Medical Representative (ممثل طبي): Suitable due to high logical thinking, problem-solving, and adaptability skills. [Job Description](link_to_job_description)
Statistician (عالم إحصاءات): Suitable due to strong logical thinking and analytical skills. [Job Description](link_to_job_description)",,,2024-06-12 10:32:33.565412
meticulously proofread a report before submission and caught a numerical error that would have skewed the entire analysis.,I don't take detailed notes; I rely on memory during meetings.,"While leading a remote team, I analyzed virtual collaboration tools, communication strategies, and performance metrics to enhance team productivity. By implementing remote work policies, team collaboration platforms, and virtual team-building activities, we improved remote team effectiveness, engagement, and cohesion.",I don't believe in critically evaluating processes for improvement; I trust they're optimized.,Stakeholder Discontent: Noticed discontent among stakeholders. Increased communication and transparency to rebuild trust.,Not assessing the effectiveness of the solution post-implementation.,Competitive Pressure: Identified increasing competitive pressure. Conducted a competitive analysis and adjusted the value proposition.,Job applications should be comprehensive but concise.,"Identify Gaps and Uncertainties:

I carefully examine the available information to identify any gaps or uncertainties. Understanding what is missing or conflicting is crucial for devising a plan of action.
Seek Additional Information:

I actively seek out additional sources of information to fill in the gaps or clarify conflicting details. This may involve consulting other team members, conducting research, or reaching out to subject matter experts.
Evaluate the Reliability of Sources:

I assess the reliability and credibility of the sources providing the conflicting information. Some sources may be more trustworthy or knowledgeable than others, which can help me prioritize which information to consider.
Consider Multiple Perspectives:

I consider multiple perspectives and interpretations of the available information. Conflicting viewpoints may offer valuable insights or reveal underlying complexities that need to be addressed.
Apply Critical Thinking:

I apply critical thinking skills to analyze the information objectively. This involves questioning assumptions, examining biases, and evaluating the logical consistency of different pieces of information.
Develop Contingency Plans:

I develop contingency plans to account for uncertainties or conflicting scenarios. Having backup strategies in place allows me to adapt and respond effectively as new information becomes available.
Communicate Transparently:

I communicate transparently with stakeholders about the challenges posed by conflicting or incomplete information. Being open about the limitations of the available data helps manage expectations and fosters trust.
Iterative Problem-Solving:

I embrace an iterative approach to problem-solving, where I continuously reassess and refine my strategies based on new information. Flexibility and adaptability are key in navigating complex and uncertain situations.",HELLO,"*Attention to detail 10.0% and *Neglect of detail 10.0% and *Logical thinking 20.0% and *Illogical thinking 10.0% and *Adaptability 10.0% and *Inflexibility 0.0% and *Problem-solving 10.0% and *Problem-avoidance 0.0%

Overall time taken to complete all questions: 0.03 seconds
Question 1: 0.01 seconds
Question 2: 0.01 seconds
Question 3: 0.02 seconds
Question 4: 0.02 seconds
Question 5: 0.02 seconds
Question 6: 0.02 seconds
Question 7: 0.02 seconds
Question 8: 0.02 seconds
Question 9: 0.03 seconds
Question 10: 0.03 seconds

Detailed Report:
Attention to detail: 10.0%
Neglect of detail: 10.0%
Logical thinking: 20.0%
Illogical thinking: 10.0%
nAdaptability: 10.0%
Inflexibility: 0.0%
Problem-solving: 10.0%
Problem-avoidance: 0.0%

Based on the analysis, you are suitable for the following jobs:
Systems Analyst (محلل نظم): Suitable due to high logical thinking, problem-solving, and adaptability skills. [Job Description](link_to_job_description)
Scientific Researcher (باحث علمي): Suitable due to
Medical Representative (ممثل طبي): Suitable due to high logical thinking, problem-solving, and adaptability skills. [Job Description](link_to_job_description)
Statistician (عالم إحصاءات): Suitable due to strong logical thinking and analytical skills. [Job Description](link_to_job_description)",,,2024-06-12 10:32:38.118398
